epoch,train_loss,val_loss,val_acc
1,16.740073,16.553564,0.096852
2,16.518912,16.564261,0.098063
3,16.440807,16.570248,0.098063
4,16.305998,16.609634,0.119855
5,16.141483,16.664188,0.105327
6,15.949680,16.711245,0.107748
7,15.682617,16.780800,0.115012
8,15.483872,16.830212,0.108959
9,15.294600,16.938855,0.107748
10,15.044152,17.051938,0.099274
