epoch,train_loss,val_loss,val_acc
1,16.788057,16.547714,0.102906
2,16.519348,16.571322,0.079903
3,16.427911,16.565422,0.090799
4,16.283164,16.622687,0.098063
5,16.121897,16.703523,0.104116
6,15.961888,16.760126,0.099274
7,15.765754,16.862139,0.102906
8,15.614102,16.897185,0.107748
9,15.421882,16.968372,0.093220
10,15.211710,17.075349,0.085956
