epoch,train_loss,val_loss,val_acc
1,16.755891,16.571456,0.072639
2,16.509746,16.581669,0.087167
3,16.417962,16.604379,0.099274
4,16.275658,16.651587,0.090799
5,16.082426,16.730686,0.089588
6,15.905762,16.824600,0.095642
7,15.715145,16.908970,0.102906
8,15.487176,17.062446,0.088378
9,15.281220,17.188719,0.085956
10,15.031518,17.319864,0.078692
