epoch,train_loss,val_loss,val_acc
1,16.766955,16.530180,0.095642
2,16.493893,16.549126,0.096852
3,16.409402,16.565577,0.104116
4,16.272959,16.597363,0.113801
5,16.094069,16.609837,0.110169
6,15.875100,16.658824,0.110169
7,15.675918,16.722274,0.105327
8,15.476803,16.789722,0.099274
9,15.247643,16.891406,0.095642
10,15.012500,17.019733,0.098063
