epoch,train_loss,val_loss,val_acc
1,16.832658,16.503303,0.125908
2,16.507989,16.506891,0.111380
3,16.430300,16.553895,0.101695
4,16.253711,16.647197,0.112591
5,16.079244,16.709919,0.111380
6,15.914033,16.828397,0.118644
7,15.714983,16.991122,0.105327
8,15.546137,17.092511,0.108959
9,15.337377,17.262451,0.102906
10,15.151096,17.367896,0.106538
