epoch,g_loss,d_loss
1,9.513939,0.502605
2,12.162326,0.078115
3,14.179135,0.083828
4,14.916288,0.096238
5,15.269339,0.095289
6,15.464153,0.092193
7,15.594353,0.097772
8,15.581048,0.094579
9,15.669572,0.114037
10,15.651132,0.100076
