epoch,total_loss,supervised_loss,rl_loss,avg_reward
1,16.547066,16.551445,-0.004380,0.6564
2,16.525885,16.531082,-0.005197,0.6909
3,16.524120,16.529142,-0.005021,0.6576
4,16.503721,16.508089,-0.004368,0.7131
5,16.504725,16.509647,-0.004923,0.7278
6,16.494423,16.500010,-0.005587,0.7081
7,16.491327,16.497673,-0.006345,0.7845
8,16.480518,16.487392,-0.006874,0.7869
9,16.468536,16.476318,-0.007782,0.7562
10,16.470392,16.478054,-0.007662,0.7943
