epoch,train_loss,val_loss,val_acc
1,16.829182,16.510007,0.118644
2,16.488103,16.527888,0.112591
3,16.399985,16.559744,0.102906
4,16.262192,16.583994,0.100484
5,16.096184,16.641470,0.110169
6,15.896672,16.679027,0.099274
7,15.695145,16.770875,0.094431
8,15.540551,16.838057,0.087167
9,15.361826,16.917114,0.092010
10,15.204867,17.000125,0.099274
